0.04	0.38	T'achètes
0.38	0.65	encore
0.65	0.78	tes
0.78	1.16	produits
1.16	1.23	de
1.23	1.52	Chine
1.52	1.57	à
1.57	1.67	un
1.67	2.15	revendeur
2.15	2.52	français
2.52	2.92	installé
2.92	3.40	là-bas
3.40	3.40	?
3.40	3.52	Tu
3.52	3.77	veux
3.77	4.06	faire
4.06	4.18	de
4.18	4.30	la
4.30	4.60	marge
4.60	4.80	?
4.80	5.05	Mais
5.05	5.17	tu
5.17	5.74	commences
5.74	5.93	par
5.93	6.25	payer
6.25	6.37	la
6.37	6.80	sienne.
6.80	7.27	Regarde
7.27	7.40	le
7.40	8.10	circuit.
8.10	8.23	Le
8.23	8.97	fournisseur
8.97	9.39	chinois
9.39	9.65	vend
9.65	9.81	au
9.81	10.60	revendeur.
10.60	10.75	Le
10.75	11.47	revendeur
11.47	11.90	ajoute
11.90	12.05	sa
12.05	12.50	marge.
12.50	12.70	Et
12.70	13.24	toi,
13.24	13.37	tu
13.37	13.85	pelles
13.85	14.30	total.
14.30	14.40	À
14.40	14.83	chaque
14.83	15.70	commande.
15.70	15.80	Et
15.80	15.90	si
15.90	16.00	tu
16.00	16.57	contactais
16.57	17.12	directement
17.12	17.22	le
17.22	17.86	fournisseur
17.86	17.89	en
17.89	18.15	Chine
18.15	18.40	?
18.40	18.77	Moi,
18.77	19.06	j'ai
19.06	19.43	passé
19.43	19.65	des
19.65	19.95	mois
19.95	20.17	sur
20.17	20.60	place.
20.60	20.70	À
20.70	21.50	chercher,
21.50	21.57	à
21.57	22.40	commander,
22.40	22.51	à
22.51	23.40	comparer
23.40	23.56	et
23.56	23.64	à
23.64	24.15	faire
24.15	24.22	le
24.22	24.50	tri.
24.50	24.73	Parce
24.73	24.95	qu'en
24.95	25.13	deux
25.13	25.50	semaines
25.50	25.54	à
25.54	26.10	Guangzhou,
26.10	26.21	tu
26.21	26.44	peux
26.44	26.96	récupérer
26.96	27.15	des
27.15	27.80	contacts.
27.90	28.03	Mais
28.03	28.38	savoir
28.38	28.55	qui
28.55	28.83	tient
28.83	29.00	ces
29.00	29.70	promesses,
29.70	29.95	qui
29.95	30.24	gardent
30.24	30.45	la
30.45	30.57	même
30.57	31.12	qualité
31.12	31.30	et
31.30	31.35	qui
31.35	31.84	expédient
31.84	32.70	correctement,
32.70	32.83	ça
32.83	33.30	demande
33.30	33.44	du
33.44	34.00	recul.
34.00	34.12	Et
34.12	34.66	plusieurs
34.66	35.40	commandes.
35.40	35.53	Ce
35.53	36.14	travail,
36.14	36.27	je
36.27	36.50	l'ai
36.50	37.00	fait.
37.00	37.23	Dans
37.23	37.37	le
37.37	37.62	Chine
37.62	38.00	Book,
38.00	38.21	j'ai
38.21	38.71	rassemblé
38.71	38.88	les
38.88	39.36	contacts
39.36	39.50	que
39.50	39.71	j'ai
39.71	40.04	testés
40.04	40.55	pendant
40.55	40.60	des
40.60	40.90	mois.
40.90	41.09	Mes
41.09	41.96	fournisseurs,
41.96	42.15	mon
42.15	43.05	transitaire,
43.05	43.12	le
43.12	43.55	réseau
43.55	43.66	que
43.66	44.38	j'utilise
44.38	44.90	moi-même.
44.90	45.00	Tu
45.00	45.47	contactes
45.47	45.64	les
45.64	46.40	fournisseurs,
46.40	46.52	tu
46.52	47.06	négocies
47.06	47.26	avec
47.26	47.60	eux,
47.60	47.73	tu
47.73	48.45	commandes
48.45	49.30	directement.
49.30	49.40	Tu
49.40	49.60	veux
49.60	50.08	développer
50.08	50.23	ton
50.23	50.62	business
50.62	50.80	?
50.80	51.24	Commence
51.24	51.41	par
51.41	51.92	reprendre
51.92	52.03	le
52.03	52.50	contrôle
52.50	52.59	de
52.59	52.76	tes
52.76	53.30	achats.
53.30	54.04	Envoie-moi
54.04	54.35	Chine
54.35	54.56	sur
54.56	55.40	WhatsApp.
55.50	55.51	Je
55.51	55.62	te
55.62	55.96	montre
55.96	56.07	le
56.07	56.30	pack
56.30	56.63	adapté
56.63	56.68	à
56.68	56.79	ce
56.79	56.96	que
56.96	57.07	tu
57.07	57.30	veux
57.30	57.76	vendre.