marque,produit,categorie,prix_site_eur,prix_chinabook_eur,note
Surron,Surron (vélo électrique),vehicules,3000-7000,1500-3600,fourchettes données par Youssef le 04/10/2026
Miu Miu,MIU MIU MU A07S 24D20R 59,accessoires/lunettes,87.00,,
Miu Miu,MIU MIU MU B07S 20I60V 51,accessoires/lunettes,87.00,,
Miu Miu,MIU MIU MU 09ZS 19P08N 57,accessoires/lunettes,87.00,,
Miu Miu,MIU MIU MU 11WS 14L20I 54,accessoires/lunettes,87.00,,
Miu Miu,MIU MIU MU 50ZS 5AK80D 42,accessoires/lunettes,87.00,,
Miu Miu,MIU MIU MU B52S 7OE90X 52,accessoires/lunettes,87.00,,
Miu Miu,MIU MIU MU 07YS VAU6S1 53,accessoires/lunettes,87.00,,
Miu Miu,MIU MIU MU 06ZS VAU06B 50,accessoires/lunettes,87.00,,
Miu Miu,MIU MIU MU 11WS 4BW2Z1 54,accessoires/lunettes,87.00,,
Miu Miu,MIU MIU MU A03S 16K80Q 53,accessoires/lunettes,87.00,,
Chanel,Lunettes de soleil Chanel Fashion de qualité supérieure,accessoires/lunettes,73.09,,
Miu Miu,MIU MIU MU A06S 22I10R 54,accessoires/lunettes,87.00,,
Miu Miu,MIU MIU MU 54ZS 5AK30C 53,accessoires/lunettes,87.00,,
Miu Miu,MIU MIU MU B14SU 25N70M 33,accessoires/lunettes,87.00,,
Miu Miu,MIU MIU MU 04ZS 14L4I0 50,accessoires/lunettes,87.00,,
Miu Miu,MIU MIU MU A56S 5AK90L 66,accessoires/lunettes,87.00,,
Miu Miu,Miu miu mu 04zs vau08n 50,accessoires/lunettes,87.00,,
Miu Miu,MIU MIU MU A02S 14Y70J 70,accessoires/lunettes,87.00,,
Gucci,Gucci Portefeuille  GG Marmont zippé en cuir matelassé,maroquinerie/portefeuilles,87.00,,
Louis Vuitton,Petit portefeuille imprimé Louis Vuitton avec porte-cartes,maroquinerie/portefeuilles,79.00,,
Chanel,Collier Chanel argenté CC rond avec perles,bijoux/colliers,86.00,,
Goyard,Sac cabas Goyard Anjou GM,sacs/goyard,164.00,,
Goyard,Sac cabas Goyard Anjou GM&PM,sacs/goyard,144.00,,
Goyard,Sac de coffre Goyard Minaudière,sacs/goyard,125.70,,
Goyard,Sac hobo Goyard Bohème,sacs/goyard,154.01,,
Goyard,Sac de bowling Goyard 55,sacs/goyard,225.74,,
Goyard,Sac à dos Goyard Saint Léger,sacs/goyard,124.80,,
Goyard,Sac Goyard Artois vert,sacs/goyard,132.00,,
Cartier,"Bracelet Cartier, cordon",bijoux/bracelets,70.00,,
Sandro,Sandro classic button knit dress,tenues/robes,129.00,,
Sandro,Sequin sandro dress,tenues/robes,139.00,,
